Company,Item,Calories,Calories_from_Fat,Total_Fat,Saturated_Fat,Trans_Fat,Cholesterol,Sodium,Carbohydrates,Fiber,Sugars,Protein,Weight_Watchers_Points
McDonald’s,Hamburger,250.0,80.0,9.0,3.5,0.5,25.0,520.0,31.0,2.0,6.0,12.0,247.5
McDonald’s,Cheeseburger,300.0,110.0,12.0,6.0,0.5,40.0,750.0,33.0,2.0,6.0,15.0,297
McDonald’s,Double Cheeseburger,440.0,210.0,23.0,11.0,1.5,80.0,1150.0,34.0,2.0,7.0,25.0,433
McDonald’s,McDouble,390.0,170.0,19.0,8.0,1.0,65.0,920.0,33.0,2.0,7.0,22.0,383
McDonald’s, Quarter Pounder® with Cheese,510.0,230.0,26.0,12.0,1.5,90.0,1190.0,40.0,3.0,9.0,29.0,502
McDonald’s,Double Quarter Pounder® with Cheese,740.0,380.0,42.0,19.0,2.5,155.0,1380.0,40.0,3.0,9.0,48.0,720
McDonald’s,Big Mac®,540.0,260.0,29.0,10.0,1.5,75.0,1040.0,45.0,3.0,9.0,25.0,534
McDonald’s,Big N’ Tasty®,460.0,220.0,24.0,8.0,1.5,70.0,720.0,37.0,3.0,8.0,24.0,452
McDonald’s,Big N’ Tasty® with Cheese,510.0,250.0,28.0,11.0,1.5,85.0,960.0,38.0,3.0,8.0,27.0,502
McDonald’s,Angus Bacon & Cheese,790.0,350.0,39.0,17.0,2.0,145.0,2070.0,63.0,4.0,13.0,45.0,775
McDonald’s,Angus Deluxe,750.0,350.0,39.0,16.0,2.0,135.0,1700.0,61.0,4.0,10.0,40.0,736
McDonald’s,Angus Mushroom & Swiss,770.0,360.0,40.0,17.0,2.0,135.0,1170.0,59.0,4.0,8.0,44.0,751
McDonald’s,Filet-O-Fish®,380.0,170.0,18.0,3.5,0.0,40.0,640.0,38.0,2.0,5.0,15.0,373.5
McDonald’s,McChicken ®,360.0,150.0,16.0,3.0,0.0,35.0,830.0,40.0,2.0,5.0,14.0,354
McDonald’s,McRib ®,500.0,240.0,26.0,10.0,0.0,70.0,980.0,44.0,3.0,11.0,22.0,499
McDonald’s,Premium Grilled Chicken Classic Sandwich,360.0,80.0,9.0,2.0,0.0,65.0,820.0,41.0,4.0,8.0,27.0,343
McDonald’s,Premium Crispy Chicken Classic Sandwich,510.0,200.0,22.0,3.5,0.0,45.0,990.0,56.0,3.0,10.0,24.0,499.5
McDonald’s,Premium Grilled Chicken Club Sandwich,460.0,150.0,17.0,6.0,0.0,90.0,1040.0,43.0,4.0,9.0,35.0,440
McDonald’s,Premium Crispy Chicken Club Sandwich,620.0,260.0,29.0,7.0,0.0,70.0,1200.0,57.0,3.0,11.0,31.0,607
McDonald’s,Premium Grilled Chicken Ranch BLT Sandwich,380.0,90.0,10.0,3.0,0.0,75.0,1000.0,41.0,4.0,9.0,31.0,361
McDonald’s,Premium Crispy Chicken Ranch BLT Sandwich,540.0,210.0,23.0,4.5,0.0,55.0,1160.0,56.0,3.0,11.0,27.0,528.5
McDonald’s,Southern Style Crispy Chicken Sandwich,400.0,150.0,17.0,3.0,0.0,45.0,1030.0,39.0,1.0,6.0,24.0,385
McDonald’s,Ranch Snack Wrap® (Crispy),340.0,150.0,17.0,4.5,0.0,30.0,810.0,33.0,1.0,2.0,14.0,332.5
McDonald’s,Ranch Snack Wrap® (Grilled),270.0,90.0,10.0,4.0,0.0,45.0,830.0,26.0,1.0,2.0,18.0,258
McDonald’s,Honey Mustard Snack Wrap® (Crispy),330.0,140.0,16.0,4.5,0.0,30.0,780.0,34.0,1.0,4.0,14.0,324.5
McDonald’s,Honey Mustard Snack Wrap® (Grilled),260.0,80.0,9.0,3.5,0.0,45.0,800.0,27.0,1.0,4.0,18.0,249.5
McDonald’s,Chipotle BBQ Snack Wrap® (Crispy),330.0,140.0,15.0,4.5,0.0,30.0,810.0,35.0,1.0,4.0,14.0,324.5
McDonald’s,Chipotle BBQ Snack Wrap® (Grilled),260.0,80.0,9.0,3.5,0.0,45.0,830.0,28.0,1.0,5.0,18.0,250.5
McDonald’s,Angus Bacon & Cheese Snack Wrap,390.0,190.0,21.0,9.0,1.0,75.0,1080.0,28.0,1.0,4.0,21.0,382
McDonald’s,Angus Chipotle BBQ Bacon,800.0,350.0,39.0,18.0,2.0,145.0,2020.0,66.0,4.0,16.0,45.0,789
McDonald’s,Angus Chipotle BBQ Bacon Snack Wrap,400.0,190.0,22.0,10.0,1.0,75.0,1060.0,30.0,1.0,6.0,21.0,395
McDonald’s,Angus Deluxe Snack Wrap,410.0,220.0,25.0,10.0,1.5,75.0,990.0,27.0,2.0,3.0,20.0,403
McDonald’s,Angus Mushroom & Swiss Snack Wrap,430.0,230.0,26.0,10.0,1.5,75.0,730.0,27.0,2.0,2.0,22.0,420
McDonald’s,Mac Snack Wrap,330.0,170.0,19.0,7.0,1.0,45.0,690.0,26.0,1.0,3.0,15.0,325
McDonald’s,Small French Fries,230.0,100.0,11.0,1.5,0.0,0.0,160.0,29.0,3.0,0.0,3.0,228.5
McDonald’s,Medium French Fries,380.0,170.0,19.0,2.5,0.0,0.0,270.0,48.0,5.0,0.0,4.0,378.5
McDonald’s,Large French Fries,500.0,220.0,25.0,3.5,0.0,0.0,350.0,63.0,6.0,0.0,6.0,497.5
McDonald’s,Ketchup Packet,15.0,0.0,0.0,0.0,0.0,0.0,110.0,3.0,0.0,2.0,0.0,17
McDonald’s,Salt Packet,0.0,0.0,0.0,0.0,0.0,0.0,270.0,0.0,0.0,0.0,0.0,0
McDonald’s,Chicken McNuggets® (4 piece),190.0,110.0,12.0,2.0,0.0,25.0,360.0,12.0,1.0,0.0,9.0,183
McDonald’s,Chicken McNuggets® (6 piece),280.0,160.0,18.0,3.0,0.0,40.0,540.0,18.0,1.0,0.0,13.0,270
McDonald’s,Chicken McNuggets® (10 piece),470.0,270.0,30.0,5.0,0.0,65.0,900.0,30.0,2.0,0.0,22.0,453
McDonald’s,Barbeque Sauce,50.0,0.0,0.0,0.0,0.0,0.0,260.0,12.0,0.0,10.0,0.0,60
McDonald’s,Honey,50.0,0.0,0.0,0.0,0.0,0.0,0.0,12.0,0.0,11.0,0.0,61
McDonald’s,Hot Mustard Sauce,60.0,20.0,2.5,0.0,0.0,5.0,250.0,9.0,2.0,6.0,1.0,65
McDonald’s,Sweet ‘N Sour Sauce,50.0,0.0,0.0,0.0,0.0,0.0,150.0,12.0,0.0,10.0,0.0,60
McDonald’s,Chicken Selects® Premium Breast Strips (3 pc),400.0,210.0,24.0,3.5,0.0,50.0,1010.0,23.0,0.0,0.0,23.0,380.5
McDonald’s,Chicken Selects® Premium Breast Strips (5 pc),660.0,360.0,40.0,6.0,0.0,85.0,1680.0,39.0,0.0,0.0,38.0,628
McDonald’s,Spicy Buffalo Sauce,60.0,50.0,6.0,1.0,0.0,0.0,800.0,1.0,1.0,0.0,0.0,61
McDonald’s,Creamy Ranch Sauce,170.0,160.0,18.0,3.0,0.0,10.0,270.0,2.0,0.0,1.0,0.0,174
McDonald’s,Tangy Honey Mustard Sauce,60.0,20.0,2.0,0.0,0.0,5.0,140.0,10.0,0.0,8.0,0.0,68
McDonald’s,Southwestern Chipotle Barbeque Sauce,60.0,0.0,0.0,0.0,0.0,0.0,210.0,15.0,1.0,11.0,0.0,71
McDonald’s,Premium Southwest Salad with Grilled Chicken,320.0,80.0,9.0,3.0,0.0,70.0,960.0,30.0,6.0,11.0,30.0,304
McDonald’s,Premium Southwest Salad with Crispy Chicken,430.0,180.0,20.0,4.0,0.0,55.0,920.0,38.0,6.0,12.0,26.0,420
McDonald’s,Premium Southwest Salad (without chicken),140.0,40.0,4.5,2.0,0.0,10.0,150.0,20.0,6.0,6.0,6.0,142
McDonald’s,Premium Bacon Ranch Salad with Grilled Chicken,260.0,90.0,9.0,4.0,0.0,90.0,1010.0,12.0,3.0,5.0,33.0,236
McDonald’s,Premium Bacon Ranch Salad with Crispy Chicken,370.0,180.0,20.0,6.0,0.0,75.0,970.0,20.0,3.0,6.0,29.0,353
McDonald’s,Premium Bacon Ranch Salad (without chicken),140.0,70.0,7.0,3.5,0.0,25.0,300.0,10.0,3.0,4.0,9.0,138.5
McDonald’s,Premium Caesar Salad with Grilled Chicken,220.0,60.0,6.0,3.0,0.0,75.0,890.0,12.0,3.0,5.0,30.0,198
McDonald’s,Premium Caesar Salad with Crispy Chicken,330.0,150.0,17.0,4.5,0.0,60.0,840.0,20.0,3.0,6.0,26.0,314.5
McDonald’s,Premium Caesar Salad (without chicken),90.0,35.0,4.0,2.5,0.0,10.0,180.0,9.0,3.0,4.0,7.0,89.5
McDonald’s,Side Salad,20.0,0.0,0.0,0.0,0.0,0.0,10.0,4.0,1.0,2.0,1.0,21
McDonald’s,Butter Garlic Croutons,60.0,15.0,1.5,0.0,0.0,0.0,140.0,10.0,1.0,0.0,2.0,58
McDonald’s,Snack Size Fruit & Walnut Salad,210.0,70.0,8.0,1.5,0.0,5.0,60.0,31.0,2.0,25.0,4.0,232.5
McDonald’s,Newman’s Own® Creamy Southwest Dressing,100.0,50.0,6.0,1.0,0.0,20.0,340.0,11.0,0.0,3.0,1.0,103
McDonald’s,Newman’s Own® Creamy Caesar Dressing,190.0,170.0,18.0,3.5,0.0,20.0,500.0,4.0,0.0,2.0,2.0,193.5
McDonald’s,Newman’s Own® Low Fat Balsamic Vinaigrette,40.0,25.0,3.0,0.0,0.0,0.0,730.0,4.0,0.0,3.0,0.0,43
McDonald’s,Newman’s Own® Low Fat Family Recipe Italian Dressing,60.0,20.0,2.5,0.0,0.0,0.0,730.0,8.0,0.0,1.0,1.0,60
McDonald’s,Newman’s Own® Ranch Dressing,170.0,130.0,15.0,2.5,0.0,20.0,530.0,9.0,0.0,4.0,1.0,175.5
McDonald’s,Egg McMuffin®,300.0,110.0,12.0,5.0,0.0,260.0,820.0,30.0,2.0,3.0,18.0,290
McDonald’s,Sausage McMuffin®,370.0,200.0,22.0,8.0,0.0,45.0,850.0,29.0,2.0,2.0,14.0,366
McDonald’s,Sausage McMuffin® with Egg,450.0,250.0,27.0,10.0,0.0,285.0,920.0,30.0,2.0,2.0,21.0,441
McDonald’s,English Muffin,160.0,30.0,3.0,0.5,0.0,0.0,280.0,27.0,2.0,2.0,5.0,157.5
McDonald’s,"Bacon, Egg & Cheese Biscuit (Regular Size Biscuit)",420.0,210.0,23.0,12.0,0.0,235.0,1160.0,37.0,2.0,3.0,15.0,420
McDonald’s,"Bacon, Egg & Cheese Biscuit (Large Size Biscuit)",480.0,240.0,27.0,12.0,0.0,235.0,1270.0,43.0,3.0,4.0,15.0,481
McDonald’s,Sausage Biscuit with Egg (Regular Size Biscuit),510.0,290.0,33.0,14.0,0.0,250.0,1170.0,36.0,2.0,2.0,18.0,508
McDonald’s,Sausage Biscuit with Egg (Large Size Biscuit),570.0,330.0,37.0,15.0,0.0,250.0,1280.0,42.0,3.0,3.0,18.0,570
McDonald’s,Sausage Biscuit (Regular Size Biscuit),430.0,240.0,27.0,12.0,0.0,30.0,1080.0,34.0,2.0,2.0,11.0,433
McDonald’s,Sausage Biscuit (Large Size Biscuit),480.0,280.0,31.0,13.0,0.0,30.0,1190.0,39.0,3.0,3.0,11.0,485
McDonald’s,Southern Style Chicken Biscuit (Regular Size Biscuit),410.0,180.0,20.0,8.0,0.0,30.0,1180.0,41.0,2.0,3.0,17.0,404
McDonald’s,Southern Style Chicken Biscuit (Large Size Biscuit),470.0,220.0,24.0,9.0,0.0,30.0,1290.0,46.0,3.0,4.0,17.0,466
McDonald’s,"Steak, Egg & Cheese Bagel",660.0,300.0,33.0,12.0,1.0,300.0,1580.0,56.0,3.0,7.0,33.0,646
McDonald’s,"Bacon, Egg & Cheese McGriddles®",420.0,160.0,18.0,8.0,0.0,240.0,1110.0,48.0,2.0,15.0,15.0,428
McDonald’s,"Sausage, Egg & Cheese McGriddles®",560.0,290.0,32.0,12.0,0.0,265.0,1360.0,48.0,2.0,15.0,20.0,567
McDonald’s,Sausage McGriddles®,420.0,200.0,22.0,8.0,0.0,35.0,1030.0,44.0,2.0,15.0,11.0,432
McDonald’s,Big Breakfast® (Regular Size Biscuit),740.0,430.0,48.0,17.0,0.0,555.0,1560.0,51.0,3.0,3.0,28.0,732
McDonald’s,Big Breakfast® (Large Size Biscuit),800.0,470.0,52.0,18.0,0.0,555.0,1680.0,56.0,4.0,3.0,28.0,793
McDonald’s,Big Breakfast with Hotcakes (Regular Size Biscuit),1090.0,510.0,56.0,19.0,0.0,575.0,2150.0,111.0,6.0,17.0,36.0,1090
McDonald’s,Big Breakfast with Hotcakes (Large Size Biscuit),1150.0,540.0,60.0,20.0,0.0,575.0,2260.0,116.0,7.0,17.0,36.0,1151
McDonald’s,Sausage Burrito,300.0,140.0,16.0,7.0,0.0,115.0,830.0,26.0,1.0,2.0,12.0,297
McDonald’s,McSkillet™ Burrito with Sausage,610.0,320.0,36.0,14.0,0.5,410.0,1390.0,44.0,3.0,4.0,27.0,601
McDonald’s,Hotcakes,350.0,80.0,9.0,2.0,0.0,20.0,590.0,60.0,3.0,14.0,8.0,358
McDonald’s,Hotcakes and Sausage,520.0,210.0,24.0,7.0,0.0,50.0,930.0,61.0,3.0,14.0,15.0,526
McDonald’s,Hotcake Syrup,180.0,0.0,0.0,0.0,0.0,0.0,20.0,45.0,0.0,32.0,0.0,212
McDonald’s,Whipped Margarine (1 pat),40.0,40.0,4.5,1.5,0.0,0.0,55.0,0.0,0.0,0.0,0.0,41.5
McDonald’s,Hash Brown,150.0,80.0,9.0,1.5,0.0,0.0,310.0,15.0,2.0,0.0,1.0,150.5
McDonald’s,Grape Jam,35.0,0.0,0.0,0.0,0.0,0.0,0.0,9.0,0.0,9.0,0.0,44
McDonald’s,Strawberry Preserves,35.0,0.0,0.0,0.0,0.0,0.0,0.0,9.0,0.0,9.0,0.0,44
McDonald’s,"Bacon, Egg & Cheese Bagel",560.0,240.0,27.0,9.0,0.5,260.0,1300.0,56.0,3.0,7.0,24.0,552
McDonald’s,Fruit & Maple Oatmeal,290.0,40.0,4.5,2.0,0.0,10.0,160.0,57.0,5.0,32.0,5.0,319
McDonald’s,Fruit & Maple Oatmeal without Brown Sugar,260.0,40.0,4.5,2.0,0.0,10.0,115.0,48.0,5.0,18.0,5.0,275
McDonald’s,Fruit ‘n Yogurt Parfait (7 oz),160.0,20.0,2.0,1.0,0.0,5.0,85.0,31.0,1.0,21.0,4.0,178
McDonald’s,Low Fat Caramel Dip,70.0,5.0,0.5,0.0,0.0,5.0,35.0,15.0,0.0,9.0,0.0,79
McDonald’s,Vanilla Reduced Fat Ice Cream Cone,150.0,35.0,3.5,2.0,0.0,15.0,60.0,24.0,0.0,18.0,4.0,166
McDonald’s,Kiddie Cone,45.0,10.0,1.0,0.5,0.0,5.0,20.0,8.0,0.0,6.0,1.0,50.5
McDonald’s,Strawberry Sundae,280.0,60.0,6.0,4.0,0.0,25.0,95.0,49.0,1.0,45.0,6.0,323
McDonald’s,Hot Caramel Sundae,340.0,70.0,8.0,5.0,0.0,30.0,160.0,60.0,1.0,44.0,7.0,382
McDonald’s,Hot Fudge Sundae,330.0,90.0,10.0,7.0,0.0,25.0,180.0,54.0,2.0,48.0,8.0,377
McDonald’s,Peanuts (for Sundaes),45.0,30.0,3.5,0.5,0.0,0.0,0.0,2.0,1.0,0.0,2.0,43.5
McDonald’s,McFlurry® with M&M’S® Candies (12 fl oz cup),710.0,230.0,25.0,16.0,1.0,60.0,220.0,105.0,4.0,97.0,15.0,808
McDonald’s,McFlurry® with OREO® Cookies (12 fl oz cup),580.0,170.0,19.0,10.0,1.0,50.0,320.0,89.0,3.0,73.0,13.0,650
McDonald’s,Baked Hot Apple Pie,250.0,110.0,13.0,7.0,0.0,0.0,170.0,32.0,4.0,13.0,2.0,268
McDonald’s,Cinnamon Melts,460.0,170.0,19.0,9.0,0.0,15.0,370.0,66.0,3.0,32.0,6.0,495
McDonald’s,McDonaldland® Cookies,260.0,70.0,8.0,2.5,0.0,0.0,300.0,43.0,1.0,13.0,4.0,271.5
McDonald’s,Chocolate Chip Cookie,160.0,70.0,8.0,3.5,0.0,10.0,90.0,21.0,1.0,15.0,2.0,176.5
McDonald’s,Oatmeal Raisin Cookie,150.0,50.0,6.0,2.5,0.0,10.0,135.0,22.0,1.0,13.0,2.0,163.5
McDonald’s,Sugar Cookie,160.0,60.0,7.0,3.0,0.0,5.0,120.0,21.0,0.0,11.0,2.0,172
McDonald’s,Apple Dippers with Low Fat Caramel Dip,100.0,5.0,0.5,0.0,0.0,5.0,35.0,23.0,0.0,15.0,0.0,115
McDonald’s,Chocolate McCafé® Shake (12 fl oz cup),580.0,150.0,17.0,10.0,1.0,50.0,240.0,94.0,1.0,77.0,11.0,656
McDonald’s,Chocolate McCafé® Shake (16 fl oz cup),720.0,180.0,20.0,12.0,1.0,60.0,300.0,119.0,1.0,98.0,15.0,815
McDonald’s,Chocolate McCafé® Shake (22 fl oz cup),880.0,220.0,24.0,15.0,1.5,75.0,370.0,147.0,1.0,121.0,18.0,998
McDonald’s,Chocolate Triple Thick® Shake (12 fl oz cup),440.0,90.0,10.0,6.0,0.5,40.0,190.0,76.0,1.0,63.0,10.0,499
McDonald’s,Chocolate Triple Thick® Shake (16 fl oz cup),580.0,120.0,14.0,8.0,1.0,50.0,250.0,102.0,1.0,84.0,13.0,659
McDonald’s,Chocolate Triple Thick® Shake (21 fl oz cup),770.0,160.0,18.0,11.0,1.0,70.0,330.0,134.0,1.0,111.0,18.0,874
McDonald’s,Chocolate Triple Thick® Shake (32 fl oz cup),1160.0,240.0,27.0,16.0,2.0,100.0,510.0,203.0,2.0,168.0,27.0,1317
McDonald’s,Snack Size McFlurry® with M&M’S® Candies,430.0,140.0,16.0,10.0,0.5,35.0,130.0,64.0,2.0,59.0,9.0,490
McDonald’s,Snack Size McFlurry® with OREO® Cookies,340.0,100.0,12.0,6.0,0.0,30.0,200.0,53.0,2.0,43.0,8.0,381
McDonald’s,Strawberry McCafé® Shake (12 fl oz cup),570.0,150.0,17.0,10.0,1.0,50.0,170.0,92.0,0.0,79.0,11.0,648
McDonald’s,Strawberry McCafé® Shake (16 fl oz cup),710.0,180.0,20.0,12.0,1.0,65.0,210.0,116.0,0.0,100.0,14.0,808
McDonald’s,Strawberry McCafé® Shake (22 fl oz cup),860.0,220.0,24.0,15.0,1.5,75.0,260.0,144.0,0.0,124.0,18.0,981
McDonald’s,Strawberry Triple Thick® Shake (12 fl oz cup),420.0,90.0,10.0,6.0,0.5,40.0,130.0,73.0,0.0,63.0,10.0,479
McDonald’s,Strawberry Triple Thick® Shake (16 fl oz cup),560.0,120.0,13.0,8.0,1.0,50.0,170.0,97.0,0.0,84.0,13.0,639
McDonald’s,Strawberry Triple Thick® Shake (21 fl oz cup),740.0,160.0,18.0,11.0,1.0,70.0,230.0,128.0,0.0,111.0,17.0,845
McDonald’s,Strawberry Triple Thick® Shake (32 fl oz cup),1110.0,240.0,26.0,16.0,2.0,100.0,350.0,194.0,0.0,168.0,25.0,1269
McDonald’s,Vanilla McCafé® Shake (12 fl oz cup),540.0,150.0,16.0,10.0,1.0,45.0,170.0,88.0,0.0,64.0,10.0,604
McDonald’s,Vanilla McCafé® Shake (16 fl oz cup),680.0,180.0,20.0,12.0,1.0,60.0,220.0,111.0,0.0,82.0,14.0,760
McDonald’s,Vanilla McCafé® Shake (22 fl oz cup),830.0,210.0,24.0,14.0,1.5,75.0,270.0,138.0,0.0,103.0,17.0,930
McDonald’s,Vanilla Triple Thick Shake® (32 fl oz cup),1110.0,240.0,26.0,16.0,2.0,100.0,370.0,193.0,0.0,145.0,25.0,1246
McDonald’s,Vanilla Triple Thick® Shake (12 fl oz cup),420.0,90.0,10.0,6.0,0.5,40.0,140.0,72.0,0.0,54.0,9.0,471
McDonald’s,Vanilla Triple Thick® Shake (16 fl oz cup),550.0,120.0,13.0,8.0,1.0,50.0,190.0,96.0,0.0,72.0,13.0,617
McDonald’s,Vanilla Triple Thick® Shake (21 fl oz cup),740.0,160.0,18.0,11.0,1.0,70.0,250.0,128.0,0.0,96.0,17.0,830
McDonald’s,1% Low Fat Milk Jug,100.0,20.0,2.5,1.5,0.0,10.0,125.0,12.0,0.0,12.0,8.0,105.5
McDonald’s,1% Low Fat Chocolate Milk Jug,170.0,25.0,3.0,1.5,0.0,5.0,150.0,26.0,1.0,25.0,9.0,187.5
McDonald’s,Minute Maid® 100% Apple Juice Box,100.0,0.0,0.0,0.0,0.0,0.0,15.0,23.0,0.0,22.0,0.0,122
McDonald’s,Dasani® Water,0.0,0.0,0.0,0.0,0.0,0.0,0.0,0.0,0.0,0.0,0.0,0
McDonald’s,Minute Maid® Orange Juice (Small),150.0,0.0,0.0,0.0,0.0,0.0,0.0,30.0,0.0,30.0,2.0,178
McDonald’s,Minute Maid® Orange Juice (Medium),190.0,0.0,0.0,0.0,0.0,0.0,0.0,39.0,0.0,39.0,3.0,226
McDonald’s,Minute Maid® Orange Juice (Large),280.0,0.0,0.0,0.0,0.0,0.0,5.0,58.0,0.0,58.0,4.0,334
McDonald’s,Coca-Cola® Classic (Child),110.0,0.0,0.0,0.0,0.0,0.0,5.0,29.0,0.0,29.0,0.0,139
McDonald’s,Coca-Cola® Classic (Small),150.0,0.0,0.0,0.0,0.0,0.0,10.0,40.0,0.0,40.0,0.0,190
McDonald’s,Coca-Cola® Classic (Medium),210.0,0.0,0.0,0.0,0.0,0.0,15.0,58.0,0.0,58.0,0.0,268
McDonald’s,Coca-Cola® Classic (Large),310.0,0.0,0.0,0.0,0.0,0.0,20.0,86.0,0.0,86.0,0.0,396
McDonald’s,Diet Coke® (Child),0.0,0.0,0.0,0.0,0.0,0.0,15.0,0.0,0.0,0.0,0.0,0
McDonald’s,Diet Coke® (Small),0.0,0.0,0.0,0.0,0.0,0.0,20.0,0.0,0.0,0.0,0.0,0
McDonald’s,Diet Coke® (Medium),0.0,0.0,0.0,0.0,0.0,0.0,30.0,0.0,0.0,0.0,0.0,0
McDonald’s,Diet Coke® (Large),0.0,0.0,0.0,0.0,0.0,0.0,45.0,0.0,0.0,0.0,0.0,0
McDonald’s,Sprite® (Child),110.0,0.0,0.0,0.0,0.0,0.0,30.0,28.0,0.0,28.0,0.0,138
McDonald’s,Sprite® (Small),150.0,0.0,0.0,0.0,0.0,0.0,40.0,39.0,0.0,39.0,0.0,189
McDonald’s,Sprite® (Medium),210.0,0.0,0.0,0.0,0.0,0.0,55.0,56.0,0.0,56.0,0.0,266
McDonald’s,Sprite® (Large),310.0,0.0,0.0,0.0,0.0,0.0,80.0,83.0,0.0,83.0,0.0,393
McDonald’s,Hi-C® Orange Lavaburst (Child),120.0,0.0,0.0,0.0,0.0,0.0,0.0,32.0,0.0,32.0,0.0,152
McDonald’s,Hi-C® Orange Lavaburst (Small),160.0,0.0,0.0,0.0,0.0,0.0,5.0,44.0,0.0,44.0,0.0,204
McDonald’s,Hi-C® Orange Lavaburst (Medium),240.0,0.0,0.0,0.0,0.0,0.0,10.0,64.0,0.0,64.0,0.0,304
McDonald’s,Hi-C® Orange Lavaburst (Large),350.0,0.0,0.0,0.0,0.0,0.0,10.0,94.0,0.0,94.0,0.0,444
McDonald’s,POWERade® Mountain Blast (Child),70.0,0.0,0.0,0.0,0.0,0.0,65.0,20.0,0.0,16.0,0.0,86
McDonald’s,POWERade® Mountain Blast (Small),100.0,0.0,0.0,0.0,0.0,0.0,85.0,27.0,0.0,21.0,0.0,121
McDonald’s,POWERade® Mountain Blast (Medium),150.0,0.0,0.0,0.0,0.0,0.0,130.0,39.0,0.0,31.0,0.0,181
McDonald’s,POWERade® Mountain Blast (Large),220.0,0.0,0.0,0.0,0.0,0.0,190.0,58.0,0.0,46.0,0.0,266
McDonald’s,Iced Tea (Child),0.0,0.0,0.0,0.0,0.0,0.0,5.0,0.0,0.0,0.0,0.0,0
McDonald’s,Iced Tea (Small),0.0,0.0,0.0,0.0,0.0,0.0,10.0,0.0,0.0,0.0,0.0,0
McDonald’s,Iced Tea (Medium),0.0,0.0,0.0,0.0,0.0,0.0,15.0,0.0,0.0,0.0,0.0,0
McDonald’s,Iced Tea (Large),0.0,0.0,0.0,0.0,0.0,0.0,20.0,1.0,0.0,0.0,0.0,0
McDonald’s,Coffee (Small),0.0,0.0,0.0,0.0,0.0,0.0,0.0,0.0,0.0,0.0,0.0,0
McDonald’s,Coffee (Large),0.0,0.0,0.0,0.0,0.0,0.0,0.0,0.0,0.0,0.0,0.0,0
McDonald’s,Coffee Cream,20.0,20.0,2.0,1.5,0.0,10.0,15.0,0.0,0.0,0.0,0.0,21.5
McDonald’s,Sugar Packet,15.0,0.0,0.0,0.0,0.0,0.0,0.0,4.0,0.0,4.0,0.0,19
McDonald’s,"EQUAL® 0
Calorie Sweetener",0.0,0.0,0.0,0.0,0.0,0.0,0.0,1.0,0.0,1.0,0.0,1
McDonald’s,"SPLENDA® No
Calorie Sweetener",0.0,0.0,0.0,0.0,0.0,0.0,0.0,1.0,0.0,1.0,0.0,1
McDonald’s,Iced Coffee– Caramel (Small),130.0,50.0,5.0,3.5,0.0,20.0,80.0,21.0,0.0,20.0,1.0,152.5
McDonald’s,Iced Coffee– Caramel (Medium),190.0,70.0,8.0,5.0,0.0,30.0,115.0,27.0,0.0,27.0,2.0,220
McDonald’s,Iced Coffee– Caramel (Large),270.0,100.0,11.0,7.0,0.0,40.0,160.0,41.0,0.0,41.0,2.0,316
McDonald’s,Iced Coffee– Hazelnut (Small),130.0,50.0,5.0,3.5,0.0,20.0,40.0,21.0,0.0,21.0,1.0,153.5
McDonald’s,Iced Coffee– Hazelnut (Medium),190.0,70.0,8.0,5.0,0.0,30.0,60.0,29.0,0.0,29.0,2.0,222
McDonald’s,Iced Coffee– Hazelnut (Large),270.0,100.0,11.0,7.0,0.0,40.0,85.0,43.0,0.0,43.0,2.0,318
McDonald’s,Iced Coffee– Regular (Small),140.0,50.0,5.0,3.5,0.0,20.0,40.0,22.0,0.0,22.0,1.0,164.5
McDonald’s,Iced Coffee– Regular (Medium),200.0,70.0,8.0,5.0,0.0,30.0,60.0,30.0,0.0,30.0,2.0,233
McDonald’s,Iced Coffee– Regular (Large),280.0,100.0,11.0,7.0,0.0,40.0,85.0,45.0,0.0,45.0,2.0,330
McDonald’s,Iced Coffee– Vanilla (Small),130.0,50.0,5.0,3.5,0.0,20.0,40.0,21.0,0.0,21.0,1.0,153.5
McDonald’s,Iced Coffee– Vanilla (Medium),190.0,70.0,8.0,5.0,0.0,30.0,60.0,29.0,0.0,28.0,2.0,221
McDonald’s,Iced Coffee– Vanilla (Large),270.0,100.0,11.0,7.0,0.0,40.0,80.0,43.0,0.0,43.0,2.0,318
McDonald’s,Iced Coffee with Sugar Free Vanilla Syrup (Small),60.0,50.0,5.0,3.5,0.0,20.0,70.0,8.0,0.0,1.0,1.0,63.5
McDonald’s,Iced Coffee with Sugar Free Vanilla Syrup (Medium),90.0,70.0,8.0,5.0,0.0,30.0,100.0,11.0,0.0,2.0,2.0,95
McDonald’s,Iced Coffee with Sugar Free Vanilla Syrup (Large),120.0,100.0,11.0,7.0,0.0,40.0,140.0,16.0,0.0,2.0,2.0,127
McDonald’s,Sweet Tea (Child),110.0,0.0,0.0,0.0,0.0,0.0,5.0,27.0,0.0,27.0,0.0,137
McDonald’s,Sweet Tea (Large),280.0,0.0,0.0,0.0,0.0,0.0,15.0,69.0,0.0,69.0,1.0,348
McDonald’s,Sweet Tea (Medium),180.0,0.0,0.0,0.0,0.0,0.0,10.0,45.0,0.0,45.0,1.0,224
McDonald’s,Sweet Tea (Small),150.0,0.0,0.0,0.0,0.0,0.0,10.0,36.0,0.0,36.0,1.0,185
McDonald’s,Nonfat Cappuccino (Small),60.0,0.0,0.0,0.0,0.0,5.0,85.0,9.0,0.0,9.0,6.0,63
McDonald’s,Nonfat Cappuccino (Medium),80.0,0.0,0.0,0.0,0.0,5.0,110.0,12.0,0.0,12.0,8.0,84
McDonald’s,Nonfat Cappuccino (Large),90.0,0.0,0.0,0.0,0.0,5.0,130.0,13.0,0.0,13.0,9.0,94
McDonald’s,Nonfat Latte (Small),90.0,0.0,0.0,0.0,0.0,5.0,115.0,13.0,0.0,13.0,9.0,94
McDonald’s,Nonfat Latte (Medium),110.0,0.0,0.0,0.0,0.0,5.0,140.0,15.0,0.0,15.0,10.0,115
McDonald’s,Nonfat Latte (Large),120.0,0.0,0.0,0.0,0.0,5.0,160.0,18.0,0.0,18.0,12.0,126
McDonald’s,Nonfat Caramel Cappuccino (Small),150.0,0.0,0.0,0.0,0.0,5.0,120.0,33.0,0.0,32.0,5.0,177
McDonald’s,Nonfat Caramel Cappuccino (Medium),190.0,0.0,0.0,0.0,0.0,5.0,150.0,41.0,0.0,41.0,6.0,225
McDonald’s,Nonfat Caramel Cappuccino (Large),230.0,0.0,0.0,0.0,0.0,5.0,180.0,49.0,0.0,49.0,7.0,272
McDonald’s,Nonfat Caramel Latte (Small),170.0,0.0,0.0,0.0,0.0,5.0,150.0,36.0,0.0,36.0,7.0,199
McDonald’s,Nonfat Caramel Latte (Medium),220.0,0.0,0.0,0.0,0.0,5.0,180.0,45.0,0.0,45.0,9.0,256
McDonald’s,Nonfat Caramel Latte (Large),260.0,0.0,0.0,0.0,0.0,5.0,220.0,53.0,0.0,53.0,10.0,303
McDonald’s,Nonfat Hazelnut Cappuccino (Small),150.0,0.0,0.0,0.0,0.0,5.0,70.0,34.0,0.0,34.0,5.0,179
McDonald’s,Nonfat Hazelnut Cappuccino (Medium),190.0,0.0,0.0,0.0,0.0,5.0,90.0,43.0,0.0,43.0,6.0,227
McDonald’s,Nonfat Hazelnut Cappuccino (Large),230.0,0.0,0.0,0.0,0.0,5.0,100.0,51.0,0.0,51.0,7.0,274
McDonald’s,Nonfat Hazelnut Latte (Small),180.0,0.0,0.0,0.0,0.0,5.0,95.0,37.0,0.0,37.0,7.0,210
McDonald’s,Nonfat Hazelnut Latte (Medium),220.0,0.0,0.0,0.0,0.0,5.0,115.0,46.0,0.0,46.0,9.0,257
McDonald’s,Nonfat Hazelnut Latte (Large),260.0,0.0,0.0,0.0,0.0,5.0,135.0,55.0,0.0,55.0,10.0,305
McDonald’s,Nonfat Vanilla Cappuccino (Small),150.0,0.0,0.0,0.0,0.0,5.0,70.0,34.0,0.0,34.0,5.0,179
McDonald’s,Nonfat Vanilla Cappuccino (Medium),190.0,0.0,0.0,0.0,0.0,5.0,90.0,42.0,0.0,42.0,6.0,226
McDonald’s,Nonfat Vanilla Cappuccino (Large),230.0,0.0,0.0,0.0,0.0,5.0,100.0,51.0,0.0,51.0,7.0,274
McDonald’s,Nonfat Vanilla Latte (Small),180.0,0.0,0.0,0.0,0.0,5.0,95.0,37.0,0.0,37.0,7.0,210
McDonald’s,Nonfat Vanilla Latte (Medium),220.0,0.0,0.0,0.0,0.0,5.0,115.0,46.0,0.0,46.0,9.0,257
McDonald’s,Nonfat Vanilla Latte (Large),260.0,0.0,0.0,0.0,0.0,5.0,135.0,55.0,0.0,55.0,10.0,305
McDonald’s,Nonfat Cappuccino with Sugar Free Vanilla Syrup (Small),50.0,0.0,0.0,0.0,0.0,5.0,100.0,15.0,0.0,8.0,5.0,53
McDonald’s,Nonfat Cappuccino with Sugar Free Vanilla Syrup (Medium),70.0,0.0,0.0,0.0,0.0,5.0,130.0,19.0,0.0,10.0,7.0,73
McDonald’s,Nonfat Cappuccino with Sugar Free Vanilla Syrup (Large),80.0,0.0,0.0,0.0,0.0,5.0,150.0,22.0,0.0,11.0,8.0,83
McDonald’s,Nonfat Latte with Sugar Free Vanilla Syrup (Small),80.0,0.0,0.0,0.0,0.0,5.0,130.0,18.0,0.0,11.0,7.0,84
McDonald’s,Nonfat Latte with Sugar Free Vanilla Syrup (Medium),90.0,0.0,0.0,0.0,0.0,5.0,160.0,22.0,0.0,13.0,9.0,94
McDonald’s,Nonfat Latte with Sugar Free Vanilla Syrup (Large),110.0,0.0,0.0,0.0,0.0,5.0,190.0,27.0,0.0,15.0,11.0,114
McDonald’s,Mocha with Nonfat Milk (Small),240.0,45.0,5.0,3.0,0.0,5.0,130.0,41.0,0.0,34.0,7.0,270
McDonald’s,Mocha with Nonfat Milk (Medium),280.0,50.0,6.0,3.5,0.0,10.0,160.0,50.0,0.0,42.0,8.0,317.5
McDonald’s,Mocha with Nonfat Milk (Large),330.0,50.0,6.0,3.5,0.0,10.0,190.0,58.0,0.0,50.0,10.0,373.5
McDonald’s,Hot Chocolate with Nonfat Milk (Small),250.0,45.0,5.0,3.0,0.0,10.0,140.0,43.0,0.0,37.0,8.0,282
McDonald’s,Hot Chocolate with Nonfat Milk (Medium),310.0,50.0,6.0,3.5,0.0,10.0,190.0,55.0,0.0,47.0,11.0,349.5
McDonald’s,Hot Chocolate with Nonfat Milk (Large),390.0,50.0,6.0,3.5,0.0,10.0,250.0,68.0,0.0,59.0,16.0,436.5
McDonald’s,Iced Nonfat Latte (Small),50.0,0.0,0.0,0.0,0.0,5.0,70.0,7.0,0.0,7.0,5.0,52
McDonald’s,Iced Nonfat Latte (Medium),60.0,0.0,0.0,0.0,0.0,5.0,90.0,9.0,0.0,9.0,6.0,63
McDonald’s,Iced Nonfat Latte (Large),70.0,0.0,0.0,0.0,0.0,5.0,105.0,11.0,0.0,11.0,7.0,74
McDonald’s,Iced Nonfat Caramel Latte (Small),140.0,0.0,0.0,0.0,0.0,0.0,105.0,30.0,0.0,30.0,3.0,167
McDonald’s,Iced Nonfat Caramel Latte (Medium),150.0,0.0,0.0,0.0,0.0,5.0,120.0,32.0,0.0,32.0,5.0,177
McDonald’s,Iced Nonfat Caramel Latte (Large),190.0,0.0,0.0,0.0,0.0,5.0,150.0,40.0,0.0,40.0,6.0,224
McDonald’s,Iced Nonfat Hazelnut Latte (Small),140.0,0.0,0.0,0.0,0.0,0.0,50.0,32.0,0.0,32.0,3.0,169
McDonald’s,Iced Nonfat Hazelnut Latte (Medium),150.0,0.0,0.0,0.0,0.0,5.0,70.0,33.0,0.0,33.0,5.0,178
McDonald’s,Iced Nonfat Hazelnut Latte (Large),190.0,0.0,0.0,0.0,0.0,5.0,80.0,42.0,0.0,42.0,6.0,226
McDonald’s,Iced Nonfat Vanilla Latte (Small),140.0,0.0,0.0,0.0,0.0,0.0,50.0,31.0,0.0,31.0,3.0,168
McDonald’s,Iced Nonfat Vanilla Latte (Medium),150.0,0.0,0.0,0.0,0.0,5.0,70.0,33.0,0.0,33.0,5.0,178
McDonald’s,Iced Nonfat Vanilla Latte (Large),190.0,0.0,0.0,0.0,0.0,5.0,85.0,41.0,0.0,41.0,6.0,225
McDonald’s,Iced Nonfat Latte with Sugar Free Vanilla Syrup (Small),40.0,0.0,0.0,0.0,0.0,0.0,85.0,13.0,0.0,5.0,4.0,41
McDonald’s,Iced Nonfat Latte with Sugar Free Vanilla Syrup (Medium),50.0,0.0,0.0,0.0,0.0,5.0,100.0,14.0,0.0,6.0,5.0,51
McDonald’s,Iced Nonfat Latte with Sugar Free Vanilla Syrup (Large),60.0,0.0,0.0,0.0,0.0,5.0,130.0,19.0,0.0,8.0,6.0,62
McDonald’s,Iced Mocha with Nonfat Milk (Medium),270.0,70.0,8.0,4.5,0.0,10.0,140.0,43.0,0.0,35.0,7.0,302.5
McDonald’s,Iced Nonfat Caramel Mocha (Large),300.0,60.0,6.0,4.0,0.0,10.0,230.0,49.0,0.0,45.0,11.0,338
McDonald’s,Iced Nonfat Caramel Mocha (Medium),240.0,60.0,6.0,4.0,0.0,10.0,190.0,37.0,0.0,34.0,9.0,269
McDonald’s,Iced Nonfat Caramel Mocha (Small),200.0,50.0,6.0,4.0,0.0,10.0,140.0,29.0,0.0,26.0,6.0,224
McDonald’s,Nonfat Caramel Mocha (Large),280.0,35.0,4.0,2.5,0.0,10.0,260.0,49.0,0.0,46.0,12.0,316.5
McDonald’s,Nonfat Caramel Mocha (Medium),240.0,35.0,4.0,2.5,0.0,5.0,200.0,41.0,0.0,38.0,9.0,271.5
McDonald’s,Nonfat Caramel Mocha (Small),200.0,35.0,4.0,2.5,0.0,5.0,170.0,34.0,0.0,31.0,8.0,225.5
McDonald’s,Cappuccino (Small),120.0,60.0,7.0,4.0,0.0,20.0,85.0,9.0,0.0,9.0,6.0,127
McDonald’s,Cappuccino (Medium),140.0,70.0,8.0,4.5,0.0,25.0,105.0,11.0,0.0,11.0,8.0,147.5
McDonald’s,Cappuccino (Large),180.0,90.0,10.0,6.0,0.0,30.0,130.0,13.0,0.0,13.0,9.0,190
McDonald’s,Latte (Small) ,150.0,70.0,8.0,4.5,0.0,25.0,105.0,11.0,0.0,11.0,8.0,157.5
McDonald’s,Latte (Medium),180.0,90.0,10.0,6.0,0.0,30.0,130.0,13.0,0.0,13.0,10.0,189
McDonald’s,Latte (Large),210.0,100.0,11.0,7.0,0.0,35.0,150.0,16.0,0.0,16.0,11.0,222
McDonald’s,Caramel Cappuccino (Small),200.0,45.0,5.0,3.0,0.0,15.0,125.0,32.0,0.0,32.0,5.0,230
McDonald’s,Caramel Cappuccino (Medium),240.0,50.0,6.0,3.5,0.0,20.0,150.0,41.0,0.0,40.0,6.0,277.5
McDonald’s,Caramel Cappuccino (Large),290.0,70.0,8.0,4.5,0.0,25.0,190.0,49.0,0.0,49.0,8.0,335.5
McDonald’s,Caramel Latte (Small),230.0,60.0,7.0,4.0,0.0,20.0,140.0,35.0,0.0,35.0,7.0,262
McDonald’s,Caramel Latte (Medium),280.0,70.0,8.0,4.5,0.0,25.0,170.0,43.0,0.0,43.0,8.0,319.5
McDonald’s,Caramel Latte (Large),330.0,80.0,9.0,5.0,0.0,30.0,210.0,52.0,0.0,51.0,9.0,377
McDonald’s,Hazelnut Cappuccino (Small),200.0,45.0,5.0,3.0,0.0,15.0,70.0,34.0,0.0,34.0,5.0,232
McDonald’s,Hazelnut Cappuccino (Medium),240.0,50.0,6.0,3.5,0.0,20.0,85.0,42.0,0.0,42.0,6.0,279.5
McDonald’s,Hazelnut Cappuccino (Large),290.0,70.0,8.0,4.5,0.0,25.0,105.0,51.0,0.0,51.0,7.0,338.5
McDonald’s,Hazelnut Latte (Small),230.0,60.0,7.0,4.0,0.0,20.0,90.0,36.0,0.0,36.0,7.0,263
McDonald’s,Hazelnut Latte (Medium),280.0,70.0,8.0,4.5,0.0,25.0,110.0,45.0,0.0,45.0,8.0,321.5
McDonald’s,Hazelnut Latte (Large),330.0,80.0,9.0,5.0,0.0,30.0,130.0,53.0,0.0,53.0,9.0,379
McDonald’s,Vanilla Cappuccino (Small),200.0,45.0,5.0,3.0,0.0,15.0,70.0,34.0,0.0,34.0,5.0,232
McDonald’s,Vanilla Cappuccino (Medium),240.0,50.0,6.0,3.5,0.0,20.0,85.0,42.0,0.0,42.0,6.0,279.5
McDonald’s,Vanilla Cappuccino (Large),290.0,70.0,8.0,4.5,0.0,25.0,105.0,51.0,0.0,51.0,7.0,338.5
McDonald’s,Vanilla Latte (Small),230.0,60.0,7.0,4.0,0.0,20.0,90.0,36.0,0.0,36.0,7.0,263
McDonald’s,Vanilla Latte (Medium),280.0,70.0,8.0,4.5,0.0,25.0,110.0,44.0,0.0,44.0,8.0,320.5
McDonald’s,Vanilla Latte (Large),330.0,80.0,9.0,5.0,0.0,30.0,130.0,53.0,0.0,53.0,9.0,379
McDonald’s,Cappuccino with Sugar Free Vanilla Syrup (Small),100.0,50.0,5.0,3.0,0.0,15.0,105.0,15.0,0.0,7.0,5.0,105
McDonald’s,Cappuccino with Sugar Free Vanilla Syrup (Medium),120.0,60.0,6.0,3.5,0.0,20.0,130.0,18.0,0.0,9.0,6.0,126.5
McDonald’s,Cappuccino with Sugar Free Vanilla Syrup (Large),150.0,70.0,8.0,4.5,0.0,25.0,160.0,22.0,0.0,11.0,8.0,157.5
McDonald’s,Latte with Sugar Free Vanilla Syrup (Small),130.0,60.0,7.0,4.0,0.0,20.0,125.0,17.0,0.0,10.0,7.0,137
McDonald’s,Latte with Sugar Free Vanilla Syrup (Medium),160.0,70.0,8.0,5.0,0.0,25.0,150.0,21.0,0.0,11.0,8.0,168
McDonald’s,Latte with Sugar Free Vanilla Syrup (Large),180.0,90.0,10.0,6.0,0.0,30.0,180.0,25.0,0.0,13.0,10.0,189
McDonald’s,Mocha (Small),280.0,100.0,11.0,6.0,0.0,20.0,125.0,40.0,0.0,33.0,6.0,313
McDonald’s,Mocha (Medium),330.0,110.0,12.0,7.0,0.0,25.0,150.0,48.0,0.0,41.0,7.0,371
McDonald’s,Mocha (Large),400.0,130.0,14.0,8.0,0.5,30.0,190.0,58.0,0.0,49.0,10.0,447
McDonald’s,Hot Chocolate (Small),300.0,110.0,12.0,7.0,0.0,25.0,135.0,41.0,0.0,35.0,8.0,334
McDonald’s,Hot Chocolate (Medium),380.0,130.0,15.0,9.0,0.5,30.0,170.0,53.0,0.0,45.0,10.0,424
McDonald’s,Hot Chocolate (Large),460.0,160.0,18.0,10.0,0.5,40.0,220.0,63.0,0.0,54.0,13.0,511
McDonald’s,Iced Latte (Small),80.0,40.0,4.5,2.5,0.0,15.0,65.0,6.0,0.0,6.0,4.0,84.5
McDonald’s,Iced Latte (Medium),100.0,50.0,6.0,3.5,0.0,15.0,80.0,8.0,0.0,8.0,6.0,105.5
McDonald’s,Iced Latte (Large),140.0,70.0,8.0,4.5,0.0,25.0,105.0,10.0,0.0,10.0,7.0,147.5
McDonald’s,Iced Caramel Latte (Small),160.0,25.0,3.0,1.5,0.0,10.0,100.0,29.0,0.0,29.0,3.0,187.5
McDonald’s,Iced Caramel Latte (Medium),180.0,40.0,4.5,2.5,0.0,15.0,120.0,31.0,0.0,31.0,4.0,209.5
McDonald’s,Iced Caramel Latte (Large),230.0,50.0,6.0,3.5,0.0,15.0,150.0,40.0,0.0,40.0,6.0,267.5
McDonald’s,Iced Hazelnut Latte (Small),160.0,25.0,3.0,1.5,0.0,10.0,45.0,31.0,0.0,31.0,3.0,189.5
McDonald’s,Iced Hazelnut Latte (Medium),180.0,40.0,4.5,2.5,0.0,15.0,65.0,33.0,0.0,33.0,4.0,211.5
McDonald’s,Iced Hazelnut Latte (Large),230.0,50.0,6.0,3.5,0.0,15.0,85.0,41.0,0.0,41.0,6.0,268.5
McDonald’s,Iced Vanilla Latte (Small),160.0,25.0,3.0,1.5,0.0,10.0,45.0,31.0,0.0,31.0,3.0,189.5
McDonald’s,Iced Vanilla Latte (Medium),190.0,40.0,4.5,2.5,0.0,15.0,70.0,33.0,0.0,33.0,5.0,220.5
McDonald’s,Iced Vanilla Latte (Large),230.0,50.0,6.0,3.5,0.0,15.0,85.0,41.0,0.0,41.0,6.0,268.5
McDonald’s,Iced Latte with Sugar Free Vanilla Syrup (Small),60.0,30.0,3.0,2.0,0.0,10.0,80.0,12.0,0.0,4.0,3.0,63
McDonald’s,Iced Latte with Sugar Free Vanilla Syrup (Medium),90.0,40.0,5.0,3.0,0.0,15.0,105.0,14.0,0.0,6.0,5.0,94
McDonald’s,Iced Latte with Sugar Free Vanilla Syrup (Large),110.0,50.0,6.0,3.5,0.0,15.0,130.0,19.0,0.0,8.0,6.0,115.5
McDonald’s,Iced Mocha (Medium),310.0,120.0,13.0,8.0,0.0,25.0,140.0,42.0,0.0,35.0,7.0,346
McDonald’s,Caramel Mocha (Large),360.0,130.0,14.0,8.0,0.5,35.0,220.0,47.0,0.0,46.0,10.0,404
McDonald’s,Caramel Mocha (Medium),290.0,100.0,12.0,7.0,0.0,25.0,180.0,39.0,0.0,38.0,8.0,327
McDonald’s,Caramel Mocha (Small),250.0,90.0,11.0,6.0,0.0,25.0,150.0,33.0,0.0,31.0,7.0,280
McDonald’s,Iced Caramel Mocha (Large),380.0,140.0,16.0,9.0,0.5,35.0,210.0,48.0,0.0,46.0,10.0,425
McDonald’s,Iced Caramel Mocha (Medium),300.0,120.0,14.0,8.0,0.0,30.0,160.0,36.0,0.0,33.0,8.0,333
McDonald’s,Iced Caramel Mocha (Small),240.0,100.0,12.0,7.0,0.0,25.0,130.0,29.0,0.0,26.0,6.0,267
McDonald’s,Frappe Caramel (Small),450.0,180.0,20.0,13.0,1.0,55.0,135.0,61.0,0.0,57.0,6.0,514
McDonald’s,Frappe Caramel (Medium),550.0,220.0,24.0,15.0,1.0,70.0,160.0,76.0,0.0,71.0,8.0,628
McDonald’s,Frappe Caramel (Large),680.0,260.0,29.0,18.0,1.5,85.0,200.0,94.0,0.0,88.0,10.0,776
McDonald’s,Frappe Mocha (Small),450.0,180.0,20.0,13.0,1.0,55.0,130.0,62.0,1.0,56.0,7.0,512
McDonald’s,Frappe Mocha (Medium),560.0,210.0,24.0,15.0,1.0,65.0,160.0,78.0,1.0,70.0,8.0,637
McDonald’s,Frappe Mocha (Large),680.0,250.0,28.0,18.0,1.0,80.0,200.0,96.0,1.0,87.0,10.0,775
McDonald’s,Strawberry Banana Smoothie (Large),330.0,10.0,1.0,0.5,0.0,5.0,55.0,77.0,4.0,70.0,3.0,397.5
McDonald’s,Strawberry Banana Smoothie (Medium),260.0,5.0,1.0,0.0,0.0,5.0,40.0,60.0,3.0,54.0,2.0,312
McDonald’s,Strawberry Banana Smoothie (Small),210.0,5.0,0.5,0.0,0.0,5.0,35.0,49.0,2.0,44.0,2.0,252
McDonald’s,Wild Berry Smoothie (Large),320.0,10.0,1.0,0.5,0.0,5.0,45.0,75.0,4.0,69.0,3.0,386.5
McDonald’s,Wild Berry Smoothie (Medium),260.0,5.0,1.0,0.0,0.0,5.0,35.0,60.0,4.0,55.0,3.0,312
McDonald’s,Wild Berry Smoothie (Small),210.0,5.0,0.5,0.0,0.0,5.0,30.0,48.0,3.0,44.0,2.0,252
Burger King,Whopper® Sandwich,660.0,360.0,40.0,12.0,1.5,90.0,980.0,49.0,2.0,11.0,28.0,655
Burger King,Whopper® Sandwich with Cheese,740.0,420.0,46.0,16.0,2.0,115.0,1340.0,50.0,2.0,11.0,32.0,735
Burger King,Bacon & Cheese Whopper® Sandwich,790.0,460.0,51.0,17.0,2.0,125.0,1560.0,50.0,2.0,11.0,35.0,783
Burger King,Double Whopper® Sandwich,900.0,520.0,58.0,20.0,3.0,175.0,1050.0,49.0,2.0,11.0,48.0,883
Burger King,Double Whopper® Sandwich with Cheese,980.0,580.0,64.0,24.0,3.0,195.0,1410.0,50.0,2.0,11.0,52.0,963
Burger King,Triple Whopper® Sandwich,1130.0,680.0,75.0,28.0,4.0,255.0,1120.0,49.0,2.0,11.0,67.0,1102
Burger King,Triple Whopper® Sandwich with Cheese,1220.0,740.0,82.0,32.0,4.5,280.0,1470.0,50.0,2.0,11.0,71.0,1192
Burger King,Whopper JR.® Sandwich,310.0,160.0,18.0,5.0,0.5,40.0,390.0,27.0,1.0,7.0,13.0,309
Burger King,Bacon King Sandwich,1150.0,710.0,79.0,31.0,3.5,240.0,2150.0,49.0,2.0,10.0,61.0,1130
Burger King,Cheddar Bacon King Sandwich,1190.0,750.0,84.0,33.0,3.5,235.0,1930.0,50.0,2.0,11.0,64.0,1170
Burger King,Single Quarter Pound King Sandwich,580.0,260.0,29.0,13.0,1.5,105.0,1310.0,49.0,2.0,10.0,32.0,571
Burger King,Double Quarter Pound King Sandwich,900.0,480.0,54.0,25.0,3.0,210.0,1740.0,50.0,2.0,11.0,56.0,880
Burger King,Single Stacker King,700.0,380.0,42.0,16.0,2.0,125.0,1360.0,48.0,1.0,10.0,35.0,691
Burger King,Double Stacker King,1050.0,610.0,68.0,28.0,3.5,235.0,1870.0,49.0,1.0,11.0,61.0,1028
Burger King,IMPOSSIBLE Whopper® Sandwich,630.0,310.0,34.0,11.0,0.0,10.0,1080.0,58.0,4.0,12.0,25.0,628
Burger King,Hamburger,240.0,90.0,10.0,3.5,0.5,35.0,380.0,26.0,1.0,6.0,13.0,237
Burger King,Cheeseburger,280.0,120.0,13.0,6.0,0.5,45.0,560.0,27.0,1.0,7.0,15.0,278
Burger King,Double Hamburger,350.0,160.0,18.0,7.0,1.0,70.0,410.0,26.0,1.0,6.0,21.0,342
Burger King,Double Cheeseburger,390.0,190.0,21.0,9.0,1.5,85.0,590.0,27.0,1.0,7.0,23.0,383
Burger King,Extra Long Cheeseburger,630.0,330.0,37.0,14.0,1.5,100.0,1050.0,45.0,2.0,9.0,29.0,624
Burger King,Bacon Cheeseburger,320.0,140.0,16.0,7.0,0.5,55.0,710.0,27.0,1.0,7.0,17.0,317
Burger King,Bacon Double Cheeseburger,420.0,210.0,24.0,10.0,1.5,90.0,740.0,27.0,1.0,7.0,25.0,412
Burger King,Crispy Chicken Sandwich,670.0,370.0,41.0,7.0,0.0,60.0,1080.0,54.0,2.0,8.0,23.0,662
Burger King,Spicy Crispy Chicken Sandwich,700.0,370.0,42.0,7.0,0.0,65.0,1140.0,57.0,3.0,8.0,25.0,690
Burger King,Original Chicken Sandwich,660.0,360.0,40.0,7.0,0.0,75.0,1170.0,48.0,2.0,5.0,28.0,644
Burger King,Bacon & Cheese Crispy Chicken Sandwich,800.0,460.0,52.0,13.0,1.0,95.0,1650.0,55.0,2.0,8.0,30.0,791
Burger King,BBQ Bacon Crispy Chicken Sandwich,790.0,440.0,49.0,10.0,0.5,80.0,1630.0,60.0,2.0,13.0,28.0,785
Burger King,Crispy Chicken Jr.,450.0,270.0,30.0,5.0,0.0,30.0,780.0,34.0,2.0,5.0,12.0,448
Burger King,Spicy Crispy Chicken Jr.,390.0,190.0,21.0,3.5,0.0,30.0,740.0,37.0,2.0,6.0,12.0,388
Burger King,Chicken Nuggets- 4pc,170.0,100.0,11.0,1.5,0.0,25.0,310.0,11.0,1.0,0.0,8.0,164
Burger King,Chicken Nuggets- 6pc,260.0,150.0,16.0,2.5,0.0,35.0,470.0,16.0,1.0,0.0,12.0,251
Burger King,Chicken Nuggets- 10pc,430.0,240.0,27.0,4.5,0.0,55.0,780.0,27.0,2.0,0.0,20.0,415
Burger King,Chicken Nuggets- 20pc,860.0,490.0,54.0,9.0,0.0,115.0,1570.0,53.0,3.0,1.0,39.0,831
Burger King,Spicy Chicken Nuggets- 4pc,210.0,130.0,15.0,3.0,0.0,20.0,570.0,11.0,2.0,0.0,8.0,205
Burger King,Spicy Chicken Nuggets- 6pc,320.0,200.0,22.0,4.5,0.0,35.0,850.0,17.0,3.0,0.0,12.0,313
Burger King,Spicy Chicken Nuggets- 10 pc,530.0,330.0,37.0,7.0,0.0,55.0,1420.0,28.0,4.0,1.0,20.0,518
Burger King,Spicy Chicken Nuggets- 20 pc,1050.0,670.0,74.0,15.0,0.0,110.0,2840.0,56.0,9.0,1.0,40.0,1026
Burger King,Chicken Fries – 9 pc.,280.0,150.0,17.0,2.5,0.0,35.0,850.0,20.0,1.0,1.0,13.0,271
Burger King,Crispy Taco,170.0,80.0,9.0,3.0,0.0,10.0,410.0,19.0,2.0,1.0,5.0,169
Burger King,BIG FISH Sandwich,510.0,250.0,28.0,4.5,0.0,30.0,1180.0,51.0,2.0,7.0,16.0,506
Burger King,Garden Chicken Salad with Crispy Chicken – no dressing,440.0,220.0,25.0,7.0,0.0,75.0,930.0,31.0,3.0,4.0,25.0,426
Burger King,Club Salad with Crispy Chicken – no dressing,540.0,300.0,33.0,10.0,0.0,95.0,1380.0,31.0,3.0,5.0,31.0,524
Burger King,Garden Side Salad – w/o dressing,60.0,35.0,4.0,2.5,0.0,10.0,95.0,3.0,1.0,2.0,4.0,61
Burger King,Ken’s Ranch Dressing,260.0,250.0,28.0,4.0,0.0,10.0,240.0,2.0,0.0,2.0,1.0,265
Burger King,Ken’s Golden Italian Dressing,160.0,150.0,17.0,2.5,0.0,0.0,380.0,4.0,0.0,3.0,0.0,166
Burger King,Ken’s Lite Honey Balsamic Vinaigrette,120.0,70.0,8.0,1.0,0.0,0.0,220.0,14.0,0.0,11.0,0.0,132
Burger King,Buttery Garlic Croutons- Packet,60.0,20.0,2.5,0.0,0.0,10.0,180.0,9.0,0.0,1.0,1.0,60
Burger King,Onion Rings – value,150.0,70.0,8.0,1.5,0.0,0.0,400.0,19.0,1.0,2.0,1.0,153
Burger King,Onion Rings – small,320.0,150.0,16.0,3.0,0.0,0.0,840.0,41.0,3.0,4.0,3.0,324
Burger King,Onion Rings – medium,410.0,190.0,21.0,3.5,0.0,0.0,1080.0,53.0,4.0,5.0,4.0,415
Burger King,Onion Rings – large,500.0,230.0,25.0,4.5,0.0,0.0,1310.0,64.0,5.0,7.0,5.0,507
Burger King,French Fries – value (unsalted),220.0,80.0,9.0,1.5,0.0,0.0,210.0,34.0,3.0,1.0,2.0,221
Burger King,French Fries – small,320.0,120.0,13.0,2.0,0.0,0.0,300.0,49.0,5.0,1.0,4.0,319
Burger King,French Fries – medium,380.0,140.0,16.0,2.0,0.0,0.0,360.0,58.0,6.0,1.0,4.0,379
Burger King,French Fries – large,430.0,160.0,18.0,2.5,0.0,0.0,410.0,66.0,7.0,2.0,5.0,430
Burger King,Kids Oatmeal,170.0,30.0,3.0,1.5,0.0,5.0,260.0,32.0,3.0,12.0,4.0,180
Burger King,Chicken Nuggets- 4pc,170.0,100.0,11.0,1.5,0.0,25.0,310.0,11.0,1.0,0.0,8.0,164
Burger King,Chicken Nuggets- 6pc,260.0,150.0,16.0,2.5,0.0,35.0,470.0,16.0,1.0,0.0,12.0,251
Burger King,Hamburger,240.0,90.0,10.0,3.5,0.5,35.0,380.0,26.0,1.0,6.0,13.0,237
Burger King,Cheeseburger,280.0,120.0,13.0,6.0,0.5,45.0,560.0,27.0,1.0,7.0,15.0,278
Burger King,Mott’s® Natural Applesauce,50.0,0.0,0.0,0.0,0.0,0.0,0.0,13.0,1.0,11.0,0.0,61
Burger King,Fat FREE Milk (8 fl oz),90.0,0.0,0.0,0.0,0.0,5.0,125.0,13.0,0.0,12.0,9.0,93
Burger King,1% Low Fat Chocolate Milk (8 fl oz),160.0,25.0,2.5,1.5,0.0,15.0,150.0,26.0,0.0,25.0,8.0,179
Burger King,Capri Sun® 100% Apple Juice (6 fl oz),80.0,0.0,0.0,0.0,0.0,0.0,25.0,20.0,0.0,20.0,0.0,100
Burger King,PB&J Jamwich,300.0,140.0,16.0,3.0,0.0,0.0,290.0,33.0,4.0,11.0,11.0,303
Burger King,Soft Serve Cone,190.0,40.0,4.5,3.0,0.0,20.0,150.0,32.0,0.0,24.0,5.0,212
Burger King,Dutch Apple Pie,340.0,130.0,14.0,6.0,0.0,0.0,310.0,51.0,1.0,25.0,3.0,368
Burger King,HERSHEY®’S Sundae Pie,310.0,170.0,19.0,12.0,0.0,10.0,220.0,32.0,1.0,22.0,3.0,341
Burger King,Pie made with TWIX®,370.0,180.0,20.0,13.0,0.0,10.0,330.0,45.0,1.0,30.0,4.0,409
Burger King,OREO® Cookie Cheesecake,350.0,170.0,18.0,8.0,0.0,35.0,310.0,41.0,1.0,25.0,6.0,377
Burger King,Soft Serve Cone,190.0,40.0,4.5,3.0,0.0,20.0,150.0,32.0,0.0,24.0,5.0,212
Burger King,Soft Serve Cup,170.0,40.0,4.5,3.0,0.0,20.0,150.0,28.0,0.0,24.0,5.0,192
Burger King,HERSHEY®’s Chocolate Sundae,260.0,45.0,5.0,3.0,0.0,20.0,160.0,49.0,1.0,43.0,5.0,301
Burger King,Caramel Sundae,240.0,50.0,5.0,3.5,0.0,20.0,210.0,42.0,0.0,33.0,5.0,272
Burger King,Chocolate Chip Cookies (each),160.0,70.0,8.0,4.0,0.0,10.0,125.0,24.0,1.0,15.0,2.0,177
Burger King,CROISSAN’WICH® Egg & Cheese,340.0,170.0,18.0,8.0,0.0,160.0,610.0,29.0,1.0,4.0,12.0,340
Burger King,"CROISSAN’WICH® Sausage, Egg & Cheese",500.0,300.0,33.0,13.0,0.0,195.0,930.0,30.0,1.0,4.0,19.0,498
Burger King,"CROISSAN’WICH® Ham, Egg & Cheese",370.0,170.0,19.0,8.0,0.0,175.0,1030.0,30.0,1.0,5.0,17.0,366
Burger King,"CROISSAN’WICH® Bacon, Egg & Cheese",370.0,190.0,21.0,9.0,0.0,170.0,760.0,30.0,1.0,4.0,14.0,369
Burger King,Fully Loaded CROISSAN’WICH®,610.0,360.0,40.0,17.0,0.5,225.0,1680.0,31.0,1.0,5.0,28.0,604
Burger King,Double CROISSAN’WICH® with Sausage & Bacon,580.0,340.0,40.0,16.0,0.5,215.0,1260.0,31.0,1.0,5.0,23.0,578
Burger King,Double CROISSAN’WICH® with Sausage,710.0,470.0,52.0,20.0,0.5,240.0,1420.0,31.0,1.0,5.0,29.0,706
Burger King,Double CROISSAN’WICH® with Ham & Sausage,580.0,340.0,38.0,16.0,0.5,220.0,1530.0,31.0,1.0,5.0,27.0,574
Burger King,Fully Loaded Biscuit,640.0,400.0,45.0,20.0,0.0,225.0,2190.0,31.0,1.0,4.0,28.0,636
Burger King,"Ham, Egg, & Cheese Biscuit",400.0,210.0,24.0,12.0,0.0,175.0,1550.0,29.0,1.0,3.0,17.0,398
Burger King,"Sausage, Egg, & Cheese Biscuit",530.0,340.0,38.0,17.0,0.0,195.0,1440.0,29.0,1.0,3.0,19.0,531
Burger King,"Bacon, Egg & Cheese Biscuit",400.0,230.0,26.0,13.0,0.0,170.0,1270.0,29.0,1.0,3.0,13.0,403
Burger King,Sausage Biscuit,420.0,250.0,28.0,6.0,0.0,35.0,1050.0,28.0,1.0,2.0,12.0,416
Burger King,Breakfast Burrito Jr.,370.0,210.0,23.0,8.0,0.0,150.0,930.0,27.0,3.0,2.0,15.0,365
Burger King,EGG-NORMOUS BURRITOΡ,780.0,380.0,42.0,15.0,0.0,355.0,1960.0,68.0,3.0,4.0,32.0,767
Burger King,BK™ Ultimate Breakfast Platter,930.0,390.0,44.0,11.0,0.0,390.0,2230.0,110.0,4.0,40.0,24.0,957
Burger King,NY Ultimate Platter (Regional menu item),900.0,420.0,46.0,12.0,0.0,380.0,1760.0,95.0,5.0,31.0,25.0,918
Burger King,Pancake and Sausage platter,610.0,280.0,31.0,9.0,0.0,80.0,1010.0,72.0,1.0,30.0,12.0,637
Burger King,Hash Browns – small,250.0,150.0,16.0,3.5,0.0,0.0,580.0,24.0,3.0,0.0,2.0,252
Burger King,Hash Browns – medium,500.0,290.0,33.0,7.0,0.0,0.0,1140.0,48.0,7.0,0.0,4.0,503
Burger King,Hash Browns – large,670.0,390.0,44.0,9.0,0.0,0.0,1530.0,65.0,9.0,0.0,5.0,674
Burger King,French Toast Sticks (3 piece),230.0,100.0,11.0,2.0,0.0,0.0,260.0,29.0,1.0,8.0,3.0,237
Burger King,French Toast Sticks (5 piece),380.0,160.0,18.0,3.0,0.0,0.0,430.0,49.0,2.0,13.0,5.0,391
Burger King,American Cheese (slice),40.0,30.0,3.5,2.0,0.0,10.0,180.0,1.0,0.0,0.0,2.0,40
Burger King,Ketchup (Packet),10.0,0.0,0.0,0.0,0.0,0.0,125.0,3.0,0.0,2.0,0.0,12
Burger King,Mayonnaise (Packet),80.0,80.0,9.0,0.5,0.0,10.0,75.0,1.0,0.0,0.0,0.0,81
Burger King,Strawberry or Grape Jam (packet),30.0,0.0,0.0,0.0,0.0,0.0,0.0,7.0,0.0,6.0,0.0,36
Burger King,Breakfast Syrup (1 oz),120.0,0.0,0.0,0.0,0.0,0.0,15.0,30.0,0.0,18.0,0.0,138
Burger King,Barbecue Dipping Sauce (1 oz),40.0,0.0,0.0,0.0,0.0,0.0,310.0,11.0,0.0,10.0,0.0,50
Burger King,Ranch Dipping Sauce (1 oz),140.0,140.0,15.0,2.5,0.0,10.0,85.0,1.0,0.0,1.0,1.0,143
Burger King,Buffalo Dipping Sauce (1 oz),80.0,70.0,8.0,1.5,0.0,5.0,360.0,2.0,0.0,1.0,0.0,83
Burger King,Zesty Onion Ring Dipping Sauce (1 oz),150.0,140.0,15.0,2.5,0.0,20.0,240.0,3.0,0.0,0.0,0.0,153
Burger King,Honey Mustard Dipping Sauce (1oz),90.0,60.0,6.0,1.0,0.0,10.0,180.0,8.0,0.0,7.0,0.0,98
Burger King,Fat FREE Milk (8 fl oz),90.0,0.0,0.0,0.0,0.0,5.0,125.0,13.0,0.0,12.0,9.0,93
Burger King,1% Low Fat Chocolate Milk (8 fl oz),160.0,25.0,2.5,1.5,0.0,15.0,150.0,26.0,0.0,25.0,8.0,179
Burger King,Smoothie: Strawberry Banana 16 fl oz,310.0,10.0,1.0,0.0,0.0,0.0,55.0,71.0,3.0,50.0,4.0,356
Burger King,Oreo® Shake,720.0,180.0,20.0,12.0,0.5,65.0,540.0,118.0,1.0,98.0,16.0,814
Burger King,Chocolate Oreo® Shake,740.0,190.0,22.0,13.0,0.5,70.0,680.0,121.0,1.0,101.0,17.0,837
Burger King,Vanilla Milk Shake,580.0,140.0,15.0,10.0,0.0,60.0,420.0,98.0,0.0,85.0,14.0,661
Burger King,HERSHEY®’S Chocolate Milk Shake,610.0,140.0,16.0,10.0,0.0,60.0,500.0,103.0,1.0,88.0,14.0,694
Burger King,Strawberry Milk Shake,640.0,140.0,15.0,10.0,0.0,60.0,440.0,113.0,0.0,99.0,14.0,735
Burger King,16 fl oz,210.0,0.0,0.0,0.0,0.0,0.0,50.0,58.0,0.0,58.0,0.0,268
Burger King,20 fl oz,270.0,0.0,0.0,0.0,0.0,0.0,60.0,73.0,0.0,73.0,0.0,343
Burger King,29 fl oz,290.0,0.0,0.0,0.0,0.0,0.0,85.0,105.0,0.0,105.0,0.0,395
Burger King,38 fl oz,510.0,0.0,0.0,0.0,0.0,0.0,115.0,138.0,0.0,138.0,0.0,648
Burger King,16 fl oz,0.0,0.0,0.0,0.0,0.0,0.0,70.0,0.0,0.0,0.0,0.0,0
Burger King,20 fl oz,0.0,0.0,0.0,0.0,0.0,0.0,85.0,0.0,0.0,0.0,0.0,0
Burger King,29 fl oz,0.0,0.0,0.0,0.0,0.0,0.0,120.0,0.0,0.0,0.0,0.0,0
Burger King,38 fl oz,0.0,0.0,0.0,0.0,0.0,0.0,160.0,0.0,0.0,0.0,0.0,0
Burger King,16 fl oz,210.0,0.0,0.0,0.0,0.0,0.0,95.0,56.0,0.0,56.0,0.0,266
Burger King,20 fl oz,260.0,0.0,0.0,0.0,0.0,0.0,120.0,70.0,0.0,70.0,0.0,330
Burger King,29 fl oz,380.0,0.0,0.0,0.0,0.0,0.0,170.0,102.0,0.0,102.0,0.0,482
Burger King,38 fl oz,500.0,0.0,0.0,0.0,0.0,0.0,230.0,133.0,0.0,133.0,0.0,633
Burger King,16 fl oz,190.0,0.0,0.0,0.0,0.0,0.0,60.0,52.0,0.0,51.0,0.0,241
Burger King,20 fl oz,240.0,0.0,0.0,0.0,0.0,0.0,75.0,65.0,0.0,64.0,0.0,304
Burger King,29 fl oz,350.0,0.0,0.0,0.0,0.0,0.0,105.0,94.0,0.0,93.0,0.0,443
Burger King,38 fl oz,450.0,0.0,0.0,0.0,0.0,0.0,140.0,124.0,0.0,121.0,0.0,571
Burger King,16 fl oz,240.0,0.0,0.0,0.0,0.0,0.0,100.0,65.0,0.0,65.0,0.0,305
Burger King,20 fl oz,300.0,0.0,0.0,0.0,0.0,0.0,120.0,81.0,0.0,81.0,0.0,381
Burger King,29 fl oz,350.0,0.0,0.0,0.0,0.0,0.0,180.0,118.0,0.0,118.0,0.0,468
Burger King,38 fl oz,450.0,0.0,0.0,0.0,0.0,0.0,230.0,155.0,0.0,155.0,0.0,605
Burger King,16 fl oz,220.0,0.0,0.0,0.0,0.0,0.0,55.0,61.0,0.0,61.0,0.0,281
Burger King,20 fl oz,280.0,0.0,0.0,0.0,0.0,0.0,70.0,76.0,0.0,76.0,0.0,356
Burger King,29 fl oz,410.0,0.0,0.0,0.0,0.0,0.0,100.0,110.0,0.0,110.0,0.0,520
Burger King,38 fl oz,450.0,0.0,0.0,0.0,0.0,0.0,130.0,145.0,0.0,145.0,0.0,595
Burger King,16 fl oz,230.0,0.0,0.0,0.0,0.0,0.0,60.0,62.0,0.0,61.0,0.0,291
Burger King,20 fl oz,280.0,0.0,0.0,0.0,0.0,0.0,70.0,78.0,0.0,77.0,0.0,357
Burger King,29 fl oz,410.0,0.0,0.0,0.0,0.0,0.0,105.0,113.0,0.0,111.0,0.0,521
Burger King,38 fl oz,530.0,0.0,0.0,0.0,0.0,0.0,135.0,148.0,0.0,146.0,0.0,676
Burger King,16 fl oz,220.0,0.0,0.0,0.0,0.0,0.0,75.0,62.0,0.0,60.0,0.0,280
Burger King,20 fl oz,280.0,0.0,0.0,0.0,0.0,0.0,95.0,77.0,0.0,75.0,0.0,355
Burger King,29 fl oz,410.0,0.0,0.0,0.0,0.0,0.0,135.0,111.0,0.0,109.0,0.0,519
Burger King,38 fl oz,450.0,0.0,0.0,0.0,0.0,0.0,180.0,146.0,0.0,143.0,0.0,593
Burger King,16 fl oz,10.0,0.0,0.0,0.0,0.0,0.0,60.0,3.0,0.0,0.0,0.0,0
Burger King,20 fl oz,10.0,0.0,0.0,0.0,0.0,0.0,70.0,4.0,0.0,0.0,0.0,0
Burger King,29 fl oz,15.0,0.0,0.0,0.0,0.0,0.0,105.0,5.0,0.0,0.0,0.0,0
Burger King,38 fl oz,20.0,0.0,0.0,0.0,0.0,0.0,135.0,7.0,0.0,0.0,0.0,0
Burger King,20 fl oz,120.0,0.0,0.0,0.0,0.0,0.0,0.0,35.0,0.0,35.0,0.0,155
Burger King,29 fl oz,160.0,0.0,0.0,0.0,0.0,0.0,0.0,49.0,0.0,49.0,0.0,209
Burger King,40 fl oz,240.0,0.0,0.0,0.0,0.0,0.0,0.0,71.0,0.0,71.0,0.0,311
Burger King,20 fl oz,0.0,0.0,0.0,0.0,0.0,0.0,0.0,0.0,0.0,0.0,0.0,0
Burger King,29 fl oz,0.0,0.0,0.0,0.0,0.0,0.0,0.0,0.0,0.0,0.0,0.0,0
Burger King,40 fl oz,0.0,0.0,0.0,0.0,0.0,0.0,0.0,0.0,0.0,0.0,0.0,0
Burger King,Capri Sun® 100% Apple Juice,80.0,0.0,0.0,0.0,0.0,0.0,25.0,20.0,0.0,20.0,0.0,100
Burger King,Minute Maid® Orange Juice,140.0,0.0,0.0,0.0,0.0,0.0,20.0,33.0,0.0,30.0,2.0,168
Burger King,Frozen Coke® – 16 oz,130.0,0.0,0.0,0.0,0.0,0.0,50.0,35.0,0.0,35.0,0.0,165
Burger King,BK® Café Coffee- 12 fl oz,0.0,0.0,0.0,0.0,0.0,0.0,0.0,0.0,0.0,0.0,0.0,0
Burger King,BK® Café Coffee- 16 fl oz,0.0,0.0,0.0,0.0,0.0,0.0,0.0,0.0,0.0,0.0,0.0,0
Burger King,BK® Café Coffee- 20 fl oz,0.0,0.0,0.0,0.0,0.0,0.0,0.0,0.0,0.0,0.0,0.0,0
Burger King,BK® Café Decaf Coffee- 12 fl oz,0.0,0.0,0.0,0.0,0.0,0.0,0.0,0.0,0.0,0.0,0.0,0
Burger King,BK® Café Decaf Coffee- 16 fl oz,0.0,0.0,0.0,0.0,0.0,0.0,0.0,0.0,0.0,0.0,0.0,0
Burger King,BK® Café Decaf Coffee- 20 fl oz,0.0,0.0,0.0,0.0,0.0,0.0,0.0,0.0,0.0,0.0,0.0,0
Burger King,BK® Café Iced Vanilla Coffee- 12 fl oz,150.0,70.0,8.0,4.0,0.0,25.0,30.0,21.0,0.0,21.0,1.0,174
Burger King,BK® Café Iced Vanilla Coffee- 16 fl oz,200.0,90.0,10.0,5.0,0.0,30.0,40.0,27.0,0.0,27.0,2.0,230
Burger King,BK® Café Iced Vanilla Coffee- 20 fl oz,260.0,110.0,13.0,7.0,0.0,40.0,50.0,34.0,0.0,34.0,2.0,299
Burger King,BK® Café Iced Mocha Coffee- 12 fl oz,180.0,70.0,8.0,4.0,0.0,25.0,40.0,27.0,1.0,25.0,2.0,207
Burger King,BK® Café Iced Mocha Coffee- 16 fl oz,240.0,90.0,10.0,6.0,0.0,30.0,55.0,35.0,1.0,32.0,2.0,276
Burger King,BK® Café Iced Mocha Coffee- 20 fl oz,300.0,120.0,13.0,7.0,0.0,40.0,70.0,45.0,2.0,41.0,3.0,345
Burger King,BK® Café Mocha Frappe- 12 fl oz,300.0,80.0,8.0,5.0,0.0,30.0,200.0,50.0,1.0,41.0,7.0,339
Burger King,BK® Café Mocha Frappe- 16 fl oz,400.0,90.0,10.0,7.0,0.0,40.0,270.0,68.0,1.0,58.0,9.0,456
Burger King,BK® Café Mocha Frappe- 20 fl oz,510.0,110.0,13.0,8.0,0.0,50.0,350.0,87.0,1.0,71.0,12.0,577
Burger King,BK® Café Caramel Frappe- 12 fl oz,300.0,80.0,8.0,5.0,0.0,35.0,210.0,50.0,0.0,41.0,7.0,339
Burger King,BK® Café Caramel Frappe- 16 fl oz,400.0,90.0,10.0,7.0,0.0,40.0,280.0,68.0,0.0,56.0,9.0,454
Burger King,BK® Café Caramel Frappe- 20 fl oz,500.0,110.0,12.0,8.0,0.0,50.0,350.0,86.0,0.0,71.0,11.0,568
Taco Bell,Bacon Club Chalupa,440.0,240.0,27.0,5.0,0.0,50.0,840.0,31.0,2.0,3.0,20.0,
Taco Bell,Blue Raspberry Freeze™ (16 oz),120.0,0.0,0.0,0.0,0.0,0.0,35.0,30.0,0.0,30.0,0.0,
Taco Bell,Blue Raspberry Freeze™ (20 oz),150.0,0.0,0.0,0.0,0.0,0.0,40.0,38.0,0.0,38.0,0.0,
Taco Bell,Loaded Nacho Taco,250.0,110.0,12.0,4.5,0.0,25.0,610.0,24.0,3.0,2.0,10.0,
Taco Bell,Midnight Berry Freeze™ (16 oz),140.0,0.0,0.0,0.0,0.0,0.0,35.0,35.0,0.0,34.0,0.0,
Taco Bell,Midnight Berry Freeze™ (20 oz),170.0,0.0,0.0,0.0,0.0,0.0,40.0,43.0,0.0,42.0,0.0,
Taco Bell,Nacho Fries BellGrande®,710.0,360.0,40.0,6.0,0.0,30.0,1440.0,73.0,10.0,4.0,13.0,
Taco Bell,Black Bean Chalupa – Online Exclusive,330.0,140.0,15.0,3.0,0.0,10.0,430.0,39.0,5.0,3.0,10.0,
Taco Bell,Black Bean Quesarito – Online Exclusive,630.0,270.0,29.0,10.0,0.0,35.0,1260.0,73.0,7.0,5.0,19.0,
Taco Bell,Quesarito – Online Exclusive,650.0,300.0,33.0,12.0,0.5,55.0,1390.0,67.0,6.0,5.0,22.0,
Taco Bell,Chalupa Supreme® – Beef,350.0,170.0,18.0,5.0,0.0,25.0,560.0,33.0,4.0,3.0,13.0,
Taco Bell,Chalupa Supreme® – Chicken,330.0,140.0,15.0,3.5,0.0,35.0,560.0,31.0,2.0,3.0,16.0,
Taco Bell,Chalupa Supreme® – Steak,330.0,140.0,16.0,4.0,0.0,30.0,530.0,32.0,2.0,3.0,15.0,
Taco Bell,Cheesy Gordita Crunch,500.0,250.0,28.0,10.0,0.5,55.0,850.0,41.0,5.0,4.0,20.0,
Taco Bell,Crunchy Taco Supreme®,190.0,100.0,11.0,4.5,0.0,25.0,340.0,15.0,3.0,2.0,8.0,
Taco Bell,Loaded Nacho Taco (New),250.0,110.0,12.0,4.5,0.0,25.0,610.0,24.0,3.0,2.0,10.0,
Taco Bell,Nacho Cheese Doritos® Locos Taco Supreme®,190.0,100.0,11.0,4.5,0.0,30.0,380.0,15.0,3.0,2.0,8.0,
Taco Bell,Soft Taco – Beef,180.0,80.0,9.0,4.0,0.0,25.0,500.0,17.0,3.0,1.0,9.0,
Taco Bell,Soft Taco – Chicken,160.0,50.0,5.0,2.5,0.0,30.0,500.0,16.0,1.0,1.0,12.0,
Taco Bell,Soft Taco – Beef,210.0,90.0,10.0,5.0,0.0,25.0,520.0,20.0,3.0,2.0,10.0,
Taco Bell,Soft Taco – Chicken,180.0,60.0,7.0,3.5,0.0,35.0,520.0,18.0,2.0,2.0,13.0,
Taco Bell,Bean Burrito (V),350.0,80.0,9.0,3.5,0.0,5.0,1000.0,54.0,11.0,3.0,13.0,
Taco Bell,Beefy 5-Layer Burrito,490.0,160.0,18.0,7.0,0.0,30.0,1250.0,63.0,9.0,5.0,18.0,
Taco Bell,Burrito Supreme® – Beef,390.0,130.0,14.0,6.0,0.0,25.0,1110.0,51.0,9.0,4.0,16.0,
Taco Bell,Burrito Supreme® – Chicken,370.0,100.0,11.0,4.5,0.0,35.0,1110.0,49.0,8.0,4.0,19.0,
Taco Bell,Burrito Supreme® – Steak,370.0,110.0,12.0,5.0,0.0,30.0,1090.0,49.0,7.0,4.0,18.0,
Taco Bell,Chili Cheese Burrito (regional),370.0,150.0,17.0,8.0,0.0,35.0,970.0,40.0,4.0,2.0,16.0,
Taco Bell,Quesarito – Beef,650.0,300.0,33.0,12.0,0.5,55.0,1390.0,67.0,6.0,5.0,22.0,
Taco Bell,Quesarito – Chicken,620.0,270.0,29.0,11.0,0.0,65.0,1390.0,66.0,4.0,4.0,25.0,
Taco Bell,Quesarito – Steak,630.0,270.0,30.0,11.0,0.0,60.0,1370.0,66.0,4.0,4.0,24.0,
Taco Bell,Nacho Fries BellGrande® (New),710.0,360.0,40.0,6.0,0.0,30.0,1440.0,73.0,10.0,4.0,13.0,
Taco Bell,Nachos BellGrande® – Beef,740.0,340.0,38.0,7.0,0.0,25.0,1050.0,82.0,15.0,5.0,16.0,
Taco Bell,Nachos BellGrande® – Chicken,720.0,310.0,35.0,6.0,0.0,35.0,1050.0,81.0,14.0,5.0,20.0,
Taco Bell,Nachos BellGrande® – Steak,720.0,320.0,36.0,6.0,0.0,30.0,1030.0,81.0,14.0,5.0,19.0,
Taco Bell,Beef Quesarito,650.0,300.0,33.0,12.0,0.5,55.0,1390.0,67.0,6.0,5.0,22.0,
Taco Bell,Black Bean Quesarito (V),630.0,270.0,29.0,10.0,0.0,35.0,1260.0,73.0,7.0,5.0,19.0,
Taco Bell,Quesadilla – Cheese (V),470.0,230.0,25.0,12.0,0.5,50.0,990.0,37.0,4.0,2.0,19.0,
Taco Bell,Quesadilla – Chicken,510.0,240.0,26.0,12.0,0.5,75.0,1250.0,38.0,4.0,2.0,27.0,
Taco Bell,Quesadilla – Steak,520.0,240.0,27.0,12.0,0.5,70.0,1230.0,38.0,4.0,2.0,27.0,
Taco Bell,Bacon Club Chalupa – Specialties,440.0,240.0,27.0,5.0,0.0,50.0,840.0,31.0,2.0,3.0,20.0,
Taco Bell,Black Bean Chalupa – Specialties,330.0,140.0,15.0,3.0,0.0,10.0,430.0,39.0,5.0,3.0,10.0,
Taco Bell,Black Bean Crunchwrap Supreme – Specialties,510.0,160.0,17.0,4.5,0.0,5.0,1080.0,77.0,8.0,6.0,13.0,
Taco Bell,Black Bean Quesarito – Specialties,630.0,270.0,29.0,10.0,0.0,35.0,1260.0,73.0,7.0,5.0,19.0,
Taco Bell,Chalupa Supreme® – Specialties,350.0,170.0,18.0,5.0,0.0,25.0,560.0,33.0,4.0,3.0,13.0,
Taco Bell,Cheesy Gordita Crunch – Specialties,500.0,250.0,28.0,10.0,0.5,55.0,850.0,41.0,5.0,4.0,20.0,
Taco Bell,Crunchwrap Supreme® – Specialties,530.0,190.0,21.0,6.0,0.0,25.0,1200.0,71.0,6.0,6.0,16.0,
Taco Bell,Nachos BellGrande® – Specialties,740.0,340.0,38.0,7.0,0.0,25.0,1050.0,82.0,15.0,5.0,16.0,
Taco Bell,Power Menu Bowl – Specialties,470.0,170.0,19.0,6.0,0.0,70.0,1200.0,50.0,7.0,2.0,26.0,
Taco Bell,Quesadilla – Specialties,510.0,240.0,26.0,12.0,0.5,75.0,1250.0,38.0,4.0,2.0,27.0,
Taco Bell,Quesarito – Specialties,650.0,300.0,33.0,12.0,0.5,55.0,1390.0,67.0,6.0,5.0,22.0,
Taco Bell,Soft Taco – Specialties,180.0,80.0,9.0,4.0,0.0,25.0,500.0,17.0,3.0,1.0,9.0,
Taco Bell,Soft Taco Supreme – Specialties,210.0,90.0,10.0,5.0,0.0,25.0,520.0,20.0,3.0,2.0,10.0,
Taco Bell,Veggie Power Menu Bowl – Specialties,430.0,160.0,17.0,5.0,0.0,20.0,810.0,57.0,10.0,2.0,12.0,
Taco Bell,Black Beans & Rice (V),170.0,30.0,3.5,0.0,0.0,0.0,320.0,31.0,4.0,0.0,4.0,
Taco Bell,Black Beans (V),50.0,10.0,1.0,0.0,0.0,0.0,135.0,8.0,3.0,0.0,2.0,
Taco Bell,Cinnabon® Delights™ (2 Pk) (V),160.0,80.0,9.0,2.0,0.0,5.0,80.0,17.0,0.0,10.0,2.0,
Taco Bell,Cinnabon® Delights™ (12 Pk – Serves 4) (V),930.0,480.0,53.0,13.0,2.0,40.0,480.0,104.0,3.0,59.0,9.0,
Taco Bell,Diablo Sauce Packet (V),0.0,0.0,0.0,0.0,0.0,0.0,30.0,0.0,0.0,0.0,0.0,
Taco Bell,Fire Sauce Packet (V),0.0,0.0,0.0,0.0,0.0,0.0,55.0,0.0,0.0,0.0,0.0,
Taco Bell,Hot Sauce Packet (V),0.0,0.0,0.0,0.0,0.0,0.0,45.0,0.0,0.0,0.0,0.0,
Taco Bell,Mild Sauce Packet (V),0.0,0.0,0.0,0.0,0.0,0.0,30.0,0.0,0.0,0.0,0.0,
Taco Bell,Blue Raspberry Freeze™ (16 oz) (New),120.0,0.0,0.0,0.0,0.0,0.0,35.0,30.0,0.0,30.0,0.0,
Taco Bell,Blue Raspberry Freeze™ (20 oz) (New),150.0,0.0,0.0,0.0,0.0,0.0,40.0,38.0,0.0,38.0,0.0,
Taco Bell,Dragon Fruit Freeze (16 oz),190.0,0.0,0.0,0.0,0.0,0.0,50.0,49.0,0.0,47.0,0.0,
Taco Bell,Dragon Fruit Freeze (20 oz),230.0,0.0,0.0,0.0,0.0,0.0,60.0,59.0,0.0,57.0,0.0,
Taco Bell,Lowfat Milk – CA (Regional),100.0,20.0,2.0,1.5,0.0,10.0,130.0,13.0,0.0,12.0,9.0,
Taco Bell,Lowfat Milk – Federal (Regional),80.0,20.0,2.0,1.5,0.0,10.0,100.0,10.0,0.0,9.0,7.0,
Taco Bell,Midnight Berry Freeze™ (16 oz) (New),140.0,0.0,0.0,0.0,0.0,0.0,35.0,35.0,0.0,34.0,0.0,
Taco Bell,Midnight Berry Freeze™ (20 oz) (New),170.0,0.0,0.0,0.0,0.0,0.0,40.0,43.0,0.0,42.0,0.0,
Taco Bell,Mtn Dew® Baja Blast Freeze™ (16 oz),150.0,0.0,0.0,0.0,0.0,0.0,45.0,41.0,0.0,41.0,0.0,
Taco Bell,Mtn Dew® Baja Blast Freeze™ (20 oz),190.0,0.0,0.0,0.0,0.0,0.0,55.0,51.0,0.0,51.0,0.0,
Taco Bell,Premium Hot Coffee,10.0,0.0,0.0,0.0,0.0,0.0,0.0,0.0,0.0,0.0,2.0,
Taco Bell,Regular Iced Coffee,10.0,0.0,0.0,0.0,0.0,0.0,0.0,0.0,0.0,0.0,2.0,
Taco Bell,Water,0.0,0.0,0.0,0.0,0.0,0.0,0.0,0.0,0.0,0.0,0.0,
Taco Bell,Wild Strawberry Freeze™ (16 oz),150.0,0.0,0.0,0.0,0.0,0.0,40.0,41.0,0.0,41.0,0.0,
Taco Bell,Wild Strawberry Freeze™ (20 oz),190.0,0.0,0.0,0.0,0.0,0.0,55.0,51.0,0.0,51.0,0.0,
Taco Bell,Beef Burrito – Value Menu,430.0,170.0,19.0,5.0,0.0,20.0,970.0,51.0,4.0,3.0,12.0,
Taco Bell,Loaded Nacho Taco – Value Menu,250.0,110.0,12.0,4.5,0.0,25.0,610.0,24.0,3.0,2.0,10.0,
Taco Bell,Bean Burrito,350.0,80.0,9.0,3.5,0.0,5.0,1000.0,54.0,11.0,3.0,13.0,
Taco Bell,Black Bean Chalupa,330.0,140.0,15.0,3.0,0.0,10.0,430.0,39.0,5.0,3.0,10.0,
Taco Bell,Black Bean Crunchwrap Supreme,510.0,160.0,17.0,4.5,0.0,5.0,1080.0,77.0,8.0,6.0,13.0,
Taco Bell,Black Bean Quesarito,630.0,270.0,29.0,10.0,0.0,35.0,1260.0,73.0,7.0,5.0,19.0,
Taco Bell,Black Beans & Rice,170.0,30.0,3.5,0.0,0.0,0.0,320.0,31.0,4.0,0.0,4.0,
Taco Bell,Cheese Quesadilla,470.0,230.0,25.0,12.0,0.5,50.0,990.0,37.0,4.0,2.0,19.0,
Taco Bell,Cinnabon® Delights™ (2 Pack),160.0,80.0,9.0,2.0,0.0,5.0,80.0,17.0,0.0,10.0,2.0,
Taco Bell,Cinnabon® Delights™ (12 Pack – Serves 4),930.0,480.0,53.0,13.0,2.0,40.0,480.0,104.0,3.0,59.0,9.0,
Taco Bell,Hash Brown,160.0,100.0,12.0,1.0,0.0,0.0,270.0,13.0,2.0,0.0,1.0,
Taco Bell,Power Menu Bowl – Veggie,430.0,160.0,17.0,5.0,0.0,20.0,810.0,57.0,10.0,2.0,12.0,
Taco Bell,Power Menu Bowl – Chicken,470.0,170.0,19.0,6.0,0.0,70.0,1200.0,50.0,7.0,2.0,26.0,
Taco Bell,Power Menu Bowl – Steak,480.0,180.0,20.0,7.0,0.0,60.0,1150.0,51.0,7.0,2.0,25.0,
Taco Bell,Power Menu Bowl – Veggie (V),430.0,160.0,17.0,5.0,0.0,20.0,810.0,57.0,10.0,2.0,12.0,
Taco Bell,Breakfast Crunchwrap – Bacon,670.0,370.0,41.0,12.0,0.0,140.0,1270.0,50.0,4.0,3.0,21.0,
Taco Bell,Breakfast Crunchwrap – Sausage,720.0,430.0,47.0,15.0,0.0,145.0,1210.0,51.0,4.0,3.0,21.0,
Taco Bell,Breakfast Crunchwrap – Steak,660.0,350.0,38.0,12.0,0.0,145.0,1300.0,51.0,4.0,3.0,24.0,
Taco Bell,Cheesy Toasted Breakfast Burrito – Bacon,350.0,150.0,16.0,4.5,0.0,115.0,870.0,36.0,2.0,3.0,13.0,
Taco Bell,Cheesy Toasted Breakfast Burrito – Fiesta Potato (V),340.0,130.0,14.0,3.5,0.0,100.0,750.0,43.0,3.0,3.0,10.0,
Taco Bell,Cheesy Toasted Breakfast Burrito – Sausage,340.0,160.0,17.0,5.0,0.0,110.0,730.0,36.0,2.0,3.0,11.0,
Taco Bell,Cinnabon® Delights™ (2 Pack) (V),160.0,80.0,9.0,2.0,0.0,5.0,80.0,17.0,0.0,10.0,2.0,
Taco Bell,Cinnabon® Delights™ (12 Pack – Serves 4) (V),930.0,480.0,53.0,13.0,2.0,40.0,480.0,104.0,3.0,59.0,9.0,
Taco Bell,Grande Toasted Breakfast Burrito – Bacon,560.0,270.0,30.0,10.0,0.0,230.0,1290.0,49.0,4.0,3.0,24.0,
Taco Bell,Grande Toasted Breakfast Burrito – Sausage,560.0,280.0,31.0,10.0,0.0,230.0,1150.0,49.0,4.0,3.0,22.0,
Taco Bell,Grande Toasted Breakfast Burrito – Steak,560.0,250.0,28.0,9.0,0.0,240.0,1310.0,50.0,4.0,3.0,27.0,
Taco Bell,Hash Brown (V),160.0,100.0,12.0,1.0,0.0,0.0,270.0,13.0,2.0,0.0,1.0,
Taco Bell,Hash Brown Toasted Breakfast Burrito – Bacon,570.0,300.0,33.0,10.0,0.0,135.0,1270.0,49.0,4.0,2.0,21.0,
Taco Bell,Hash Brown Toasted Breakfast Burrito – Sausage,570.0,300.0,34.0,10.0,0.0,130.0,1130.0,49.0,4.0,2.0,18.0,
Taco Bell,Hash Brown Toasted Breakfast Burrito – Steak,570.0,270.0,30.0,9.0,0.0,140.0,1290.0,50.0,4.0,2.0,24.0,
